{"cameraMode":{"drawMode":0,"name":"Shaded","section":"Shading Mode"},"sceneLighting":false,"audioPlay":false,"sceneViewState":{"m_AlwaysRefresh":false,"showFog":true,"showSkybox":false,"showFlares":true,"showImageEffects":true,"showParticleSystems":true,"showVisualEffectGraphs":true,"m_FxEnabled":true},"in2DMode":false,"pivot":{"x":42.11481857299805,"y":9.484981536865235,"z":33.660560607910159},"rotation":{"x":0.5324735045433044,"y":-0.054740533232688907,"z":0.034641146659851077,"w":0.8440385460853577},"size":5.686827659606934,"orthographic":false}