{"cameraMode":{"drawMode":0,"name":"Shaded","section":"Shading Mode"},"sceneLighting":true,"audioPlay":false,"sceneViewState":{"m_AlwaysRefresh":false,"showFog":true,"showSkybox":true,"showFlares":true,"showImageEffects":true,"showParticleSystems":true,"showVisualEffectGraphs":true,"m_FxEnabled":true},"in2DMode":false,"pivot":{"x":32.37612533569336,"y":-16.776077270507814,"z":41.55250930786133},"rotation":{"x":-0.3314317762851715,"y":-0.0022765761241316797,"z":0.000764251861255616,"w":-0.9435105323791504},"size":41.85333251953125,"orthographic":false}