{"cameraMode":{"drawMode":0,"name":"Shaded","section":"Shading Mode"},"sceneLighting":false,"audioPlay":false,"sceneViewState":{"m_AlwaysRefresh":false,"showFog":true,"showSkybox":false,"showFlares":true,"showImageEffects":true,"showParticleSystems":true,"showVisualEffectGraphs":true,"m_FxEnabled":true},"in2DMode":false,"pivot":{"x":40.194766998291019,"y":2.148536205291748,"z":38.28224182128906},"rotation":{"x":0.2672383785247803,"y":-0.016816100105643274,"z":0.004583287984132767,"w":0.9635201096534729},"size":8.348294258117676,"orthographic":false}