{"cameraMode":{"drawMode":0,"name":"Shaded","section":"Shading Mode"},"sceneLighting":false,"audioPlay":false,"sceneViewState":{"m_AlwaysRefresh":false,"showFog":true,"showSkybox":false,"showFlares":true,"showImageEffects":true,"showParticleSystems":true,"showVisualEffectGraphs":true,"m_FxEnabled":true},"in2DMode":false,"pivot":{"x":-17.952314376831056,"y":-7.843865871429443,"z":10.198199272155762},"rotation":{"x":0.12877331674098969,"y":-0.7238377332687378,"z":0.14037825167179109,"w":0.6632322072982788},"size":13.032438278198243,"orthographic":false}