{"cameraMode":{"drawMode":0,"name":"Shaded","section":"Shading Mode"},"sceneLighting":false,"audioPlay":false,"sceneViewState":{"m_AlwaysRefresh":false,"showFog":true,"showSkybox":false,"showFlares":true,"showImageEffects":true,"showParticleSystems":true,"showVisualEffectGraphs":true,"m_FxEnabled":true},"in2DMode":false,"pivot":{"x":0.012155532836914063,"y":-0.02750372886657715,"z":-0.20160198211669923},"rotation":{"x":0.23625211417675019,"y":-0.4954622685909271,"z":0.14210736751556397,"w":0.823744535446167},"size":15.577752113342286,"orthographic":false}